"plot_id","Strata","datum","utm_zone","utm_easting","utm_northing"
2,"Mid Stocking","NAD83","12N",306653.43377168,5202678.53193983
3,"Mid-High Stocking","NAD83","12N",307552.694380735,5202697.38344578
4,"Mid Stocking","NAD83","12N",308454.991582781,5202711.62447233
5,"Mid-High Stocking","NAD83","12N",305769.533115823,5201758.29275566
7,"Mid-High Stocking","NAD83","12N",307570.073826372,5201800.00203622
8,"Mid-High Stocking","NAD83","12N",308475.339717269,5201823.80579056
9,"Mid-High Stocking","NAD83","12N",309368.405443044,5201830.46574819
10,"High Stocking","NAD83","12N",305788.750420714,5200863.62235392
11,"High Stocking","NAD83","12N",306684.404408015,5200880.50813134
12,"Mid-High Stocking","NAD83","12N",307589.329606708,5200897.79253901
16,"Mid Stocking","NAD83","12N",311198.450703785,5200963.46630033
17,"High Stocking","NAD83","12N",305809.236508536,5199972.67346929
18,"High Stocking","NAD83","12N",306706.058690394,5199977.07874875
19,"Low-Mid Stocking","NAD83","12N",307605.969986409,5199991.37004717
20,"High Stocking","NAD83","12N",308508.870823505,5200012.27011626
21,"High Stocking","NAD83","12N",309415.824186359,5200022.01025187
22,"Mid-High Stocking","NAD83","12N",310312.333835715,5200046.70653186
23,"Mid Stocking","NAD83","12N",311209.138380278,5200063.99973358
24,"Mid Stocking","NAD83","12N",312112.565663675,5200081.95710163
25,"Mid Stocking","NAD83","12N",313009.087714797,5200102.27007007
27,"Mid Stocking","NAD83","12N",308522.654610498,5199110.61849455
28,"Mid-High Stocking","NAD83","12N",309424.02683385,5199133.34809208
29,"High Stocking","NAD83","12N",310321.789897759,5199138.83370055
30,"Mid Stocking","NAD83","12N",311227.739190376,5199163.5192762
31,"Mid Stocking","NAD83","12N",312125.672578336,5199178.63929355
33,"Mid Stocking","NAD83","12N",307638.82500338,5198193.85049354
34,"Mid Stocking","NAD83","12N",310339.612354914,5198251.68381204
35,"Low-Mid Stocking","NAD83","12N",311241.169218778,5198255.98957162
36,"Mid Stocking","NAD83","12N",312145.808414468,5198280.2770092
37,"Mid Stocking","NAD83","12N",313043.485880688,5198296.93320289
38,"Mid-High Stocking","NAD83","12N",323850.599107946,5198505.5707346
39,"Mid Stocking","NAD83","12N",308557.834491764,5197309.87130185
40,"Low-Mid Stocking","NAD83","12N",309460.939856851,5197325.91300166
42,"Low-Mid Stocking","NAD83","12N",313060.469695823,5197400.90261791
45,"Mid Stocking","NAD83","12N",308578.282665433,5196396.06577627
47,"Low-Mid Stocking","NAD83","12N",312175.146922373,5196477.75869853
48,"Low-Mid Stocking","NAD83","12N",313079.473680624,5196494.88427382
50,"Mid-High Stocking","NAD83","12N",314882.472090077,5196532.80048812
52,"Mid Stocking","NAD83","12N",316675.015615286,5196558.44815666
53,"Mid-High Stocking","NAD83","12N",319379.410846751,5196612.19445953
54,"Mid Stocking","NAD83","12N",310393.595783695,5195546.05656068
55,"Low-Mid Stocking","NAD83","12N",311293.497634814,5195556.12146455
56,"Mid-High Stocking","NAD83","12N",313997.647668143,5195612.95677197
57,"Mid Stocking","NAD83","12N",314897.654232002,5195629.76801851
58,"Mid-High Stocking","NAD83","12N",316697.779979069,5195670.34922773
59,"Mid-High Stocking","NAD83","12N",319388.563885958,5195707.33507946
60,"Mid Stocking","NAD83","12N",322099.989686978,5195776.34037479
61,"Mid Stocking","NAD83","12N",322994.051034292,5195792.17594957
62,"Low-Mid Stocking","NAD83","12N",311314.111943632,5194655.22024307
63,"Mid-High Stocking","NAD83","12N",314012.350302859,5194710.31020284
64,"Mid-High Stocking","NAD83","12N",316707.028491178,5194766.78384247
65,"Mid-High Stocking","NAD83","12N",317609.726728568,5194781.6055835
66,"Mid Stocking","NAD83","12N",320314.461109391,5194838.07568204
67,"Low-Mid Stocking","NAD83","12N",321217.951598913,5194855.62564742
68,"Mid-High Stocking","NAD83","12N",323015.680408281,5194887.99272111
69,"High Stocking","NAD83","12N",323912.474104751,5194902.09912611
70,"Low-Mid Stocking","NAD83","12N",312230.663142595,5193775.94080932
71,"Mid-High Stocking","NAD83","12N",313128.279109174,5193803.59772823
72,"Mid-High Stocking","NAD83","12N",314932.498228615,5193831.58127047
73,"High Stocking","NAD83","12N",315827.417563803,5193848.9281776
74,"High Stocking","NAD83","12N",316729.530847455,5193859.24609301
75,"High Stocking","NAD83","12N",317631.318845537,5193873.64021583
76,"High Stocking","NAD83","12N",318531.639754685,5193898.70583097
77,"Low-Mid Stocking","NAD83","12N",319432.779058328,5193915.88257848
78,"High Stocking","NAD83","12N",320338.383611916,5193928.93317238
79,"Mid-High Stocking","NAD83","12N",321233.791179816,5193944.31633372
80,"High Stocking","NAD83","12N",323037.661133392,5193985.25441054
81,"Mid-High Stocking","NAD83","12N",323935.985235271,5194005.08260847
82,"Mid Stocking","NAD83","12N",314952.68612921,5192926.79093925
83,"Low-Mid Stocking","NAD83","12N",315846.046229642,5192954.26698028
84,"High Stocking","NAD83","12N",316743.4960546,5192962.38687237
85,"Mid-High Stocking","NAD83","12N",317645.551506534,5192982.032153
86,"High Stocking","NAD83","12N",318542.636183029,5193002.56836916
87,"Low-Mid Stocking","NAD83","12N",319449.308855489,5193022.13045161
88,"Mid Stocking","NAD83","12N",320346.270309357,5193032.21477602
91,"High Stocking","NAD83","12N",323048.337555123,5193084.46738209
92,"Mid-High Stocking","NAD83","12N",317662.241025834,5192079.89155311
93,"Mid-High Stocking","NAD83","12N",318570.068142743,5192104.1710661
94,"High Stocking","NAD83","12N",319475.756958054,5192107.55528744
95,"High Stocking","NAD83","12N",320369.783680364,5192135.72875976
96,"Mid-High Stocking","NAD83","12N",321263.706932311,5192144.45376676
97,"Low-Mid Stocking","NAD83","12N",322170.527810142,5192171.05112753
98,"Mid-High Stocking","NAD83","12N",320384.365074677,5191231.75707518
99,"Mid-High Stocking","NAD83","12N",315004.677758006,5190240.82638361
100,"Low-Mid Stocking","NAD83","12N",315899.134536886,5190244.24406346
101,"High Stocking","NAD83","12N",315919.484969297,5189347.94098115
102,"Low-Mid Stocking","NAD83","12N",307102.494544974,5202690.69967731
103,"Mid Stocking","NAD83","12N",307999.030142454,5202706.61278063
104,"Mid Stocking","NAD83","12N",305764.335807609,5202209.96496524
105,"Mid-High Stocking","NAD83","12N",306661.876813455,5202228.22299264
106,"Mid-High Stocking","NAD83","12N",307565.212092665,5202248.85690176
107,"Mid-High Stocking","NAD83","12N",308467.512692457,5202265.0990595
108,"Mid Stocking","NAD83","12N",306221.564371988,5201773.73069405
109,"High Stocking","NAD83","12N",307121.230600974,5201786.73957389
110,"High Stocking","NAD83","12N",308011.511599264,5201802.80745704
111,"High Stocking","NAD83","12N",308923.65371879,5201818.27981976
112,"High Stocking","NAD83","12N",305777.340834217,5201311.88375516
113,"Low-Mid Stocking","NAD83","12N",306679.409601484,5201328.91804494
114,"Mid-High Stocking","NAD83","12N",307580.085325133,5201345.81222944
115,"High Stocking","NAD83","12N",308480.27042378,5201363.93613312
116,"High Stocking","NAD83","12N",309380.917906058,5201378.30535476
117,"Mid-High Stocking","NAD83","12N",306236.280652163,5200872.65036976
118,"Mid Stocking","NAD83","12N",307138.135908473,5200889.03834667
119,"Mid-High Stocking","NAD83","12N",308038.592167392,5200906.39399885
121,"Low-Mid Stocking","NAD83","12N",309838.434005112,5200934.01930835
122,"Mid Stocking","NAD83","12N",310738.111019579,5200961.06903728
123,"High Stocking","NAD83","12N",305795.414523807,5200408.39885291
124,"High Stocking","NAD83","12N",306703.245244711,5200427.52684273
125,"Mid-High Stocking","NAD83","12N",307597.25817527,5200445.52948856
127,"High Stocking","NAD83","12N",309396.682020912,5200481.10502468
128,"Low-Mid Stocking","NAD83","12N",310294.831938192,5200500.34297752
129,"Low-Mid Stocking","NAD83","12N",311201.505891263,5200514.76485125
130,"Mid-High Stocking","NAD83","12N",306252.482496258,5199972.78373579
131,"High Stocking","NAD83","12N",307156.857798652,5199990.3933266
133,"Mid-High Stocking","NAD83","12N",308954.11873084,5200023.11950809
134,"Low-Mid Stocking","NAD83","12N",309852.275057848,5200038.92245898
135,"Mid-High Stocking","NAD83","12N",310752.630627487,5200049.06367266
136,"Mid-High Stocking","NAD83","12N",311659.947979865,5200069.22094814
137,"Mid Stocking","NAD83","12N",312558.856404545,5200088.62229161
138,"Mid-High Stocking","NAD83","12N",305813.751051099,5199513.38991665
139,"Low-Mid Stocking","NAD83","12N",306716.272316381,5199528.38973376
140,"Mid-High Stocking","NAD83","12N",307609.392323035,5199544.05057989
141,"Mid-High Stocking","NAD83","12N",308518.189703209,5199560.80660219
143,"High Stocking","NAD83","12N",310309.964602034,5199594.03313592
144,"High Stocking","NAD83","12N",311213.674909894,5199617.03160242
145,"Mid-High Stocking","NAD83","12N",312116.2827463,5199634.50832491
146,"Mid Stocking","NAD83","12N",313017.271215857,5199648.20406518
147,"Mid-High Stocking","NAD83","12N",307165.991252992,5199086.86593718
149,"High Stocking","NAD83","12N",308973.822947651,5199109.12649857
150,"High Stocking","NAD83","12N",309876.422551331,5199137.68510025
151,"High Stocking","NAD83","12N",310775.799190101,5199158.07277392
152,"Mid Stocking","NAD83","12N",311672.756901982,5199172.04080291
153,"Low-Mid Stocking","NAD83","12N",312576.096693006,5199191.28456945
154,"Mid-High Stocking","NAD83","12N",307633.02272729,5198645.26292475
155,"Mid-High Stocking","NAD83","12N",308533.432593864,5198665.01932427
156,"Mid-High Stocking","NAD83","12N",309435.278715516,5198682.19354766
157,"Mid-High Stocking","NAD83","12N",310330.683199972,5198699.05920966
158,"Mid Stocking","NAD83","12N",311233.781705685,5198706.9710994
159,"Mid Stocking","NAD83","12N",313041.726843697,5198753.6465568
160,"Mid Stocking","NAD83","12N",307193.961847868,5198187.79643765
161,"Mid Stocking","NAD83","12N",308088.168273272,5198203.63730158
162,"Low-Mid Stocking","NAD83","12N",310796.103218934,5198250.86731349
163,"Mid Stocking","NAD83","12N",311693.330803167,5198271.21605462
164,"Mid-High Stocking","NAD83","12N",312594.654782455,5198290.5053551
165,"Mid-High Stocking","NAD83","12N",323395.571456695,5198494.28328809
166,"Mid Stocking","NAD83","12N",324296.508512288,5198509.84965902
167,"Mid Stocking","NAD83","12N",307201.490083772,5197733.0868347
168,"Mid Stocking","NAD83","12N",308104.274702243,5197755.49813398
169,"Mid-High Stocking","NAD83","12N",310354.501264903,5197806.68634967
170,"Mid Stocking","NAD83","12N",311251.308999231,5197815.65352691
171,"Mid Stocking","NAD83","12N",312155.859249074,5197827.3485361
172,"Mid Stocking","NAD83","12N",313051.851544413,5197845.71612959
173,"Low-Mid Stocking","NAD83","12N",323858.076171124,5198053.44962926
174,"Mid Stocking","NAD83","12N",309011.63031917,5197319.6326248
175,"Low-Mid Stocking","NAD83","12N",309908.55695179,5197336.12657754
176,"Low-Mid Stocking","NAD83","12N",312613.30822814,5197382.97880256
178,"High Stocking","NAD83","12N",323419.619384347,5197593.18347765
180,"Mid-High Stocking","NAD83","12N",308570.690209558,5196861.66462062
181,"Low-Mid Stocking","NAD83","12N",309468.365044281,5196878.7906974
182,"Low-Mid Stocking","NAD83","12N",312167.157480995,5196926.98435758
183,"Low-Mid Stocking","NAD83","12N",313069.836650211,5196950.87374131
184,"Low-Mid Stocking","NAD83","12N",313968.817836395,5196961.78100897
185,"Mid Stocking","NAD83","12N",314871.039643373,5196985.0428676
186,"Mid Stocking","NAD83","12N",315769.739194805,5196999.84622221
187,"High Stocking","NAD83","12N",316672.406554943,5197018.79747707
188,"Mid-High Stocking","NAD83","12N",319372.079707181,5197067.96588721
189,"Mid-High Stocking","NAD83","12N",323867.712850177,5197156.92454502
190,"Mid Stocking","NAD83","12N",309027.388464368,5196419.86376038
192,"Mid Stocking","NAD83","12N",311727.839813175,5196473.07136144
194,"Low-Mid Stocking","NAD83","12N",313527.804495117,5196501.76198409
196,"Low-Mid Stocking","NAD83","12N",315328.683602368,5196539.06970775
197,"Mid-High Stocking","NAD83","12N",316229.870039194,5196558.38258356
198,"Low-Mid Stocking","NAD83","12N",317130.253348157,5196577.50188136
199,"Mid-High Stocking","NAD83","12N",318931.061532582,5196610.41157762
200,"Low-Mid Stocking","NAD83","12N",309483.430428097,5195980.11318469
201,"Low-Mid Stocking","NAD83","12N",312184.068013138,5196032.59015282
202,"Mid Stocking","NAD83","12N",313091.584976624,5196047.60478117
203,"Mid Stocking","NAD83","12N",313989.13372927,5196064.69599344
204,"Mid Stocking","NAD83","12N",314885.587691225,5196082.58398035
205,"Mid-High Stocking","NAD83","12N",315786.436829572,5196097.68840789
206,"Low-Mid Stocking","NAD83","12N",316688.63310986,5196113.68288315
207,"Low-Mid Stocking","NAD83","12N",319386.078741708,5196169.08410275
208,"Mid Stocking","NAD83","12N",322089.907816058,5196221.70636973
209,"Low-Mid Stocking","NAD83","12N",322990.907209466,5196236.99654104
211,"Mid Stocking","NAD83","12N",313544.790699898,5195606.10564078
212,"Mid-High Stocking","NAD83","12N",314443.610758974,5195629.39436291
213,"Mid Stocking","NAD83","12N",315346.215995359,5195641.51591514
214,"Mid-High Stocking","NAD83","12N",317150.7432007,5195675.48773311
215,"Mid-High Stocking","NAD83","12N",318944.160620474,5195708.3133804
216,"High Stocking","NAD83","12N",321650.018857796,5195762.05226299
217,"Low-Mid Stocking","NAD83","12N",322550.564625928,5195778.58750174
218,"Mid Stocking","NAD83","12N",323448.684913307,5195795.22513295
221,"Low-Mid Stocking","NAD83","12N",314904.684012352,5195181.66775624
222,"High Stocking","NAD83","12N",316709.094556407,5195219.27598745
223,"Mid-High Stocking","NAD83","12N",317611.950100513,5195234.5633727
224,"Low-Mid Stocking","NAD83","12N",320305.185773053,5195283.60005641
227,"Mid Stocking","NAD83","12N",323909.550239899,5195356.97038439
228,"Low-Mid Stocking","NAD83","12N",310861.566713673,5194647.98385039
229,"Mid-High Stocking","NAD83","12N",313559.580970024,5194693.41515286
230,"Mid-High Stocking","NAD83","12N",314462.1776256,5194720.25497558
231,"Mid-High Stocking","NAD83","12N",317167.857664267,5194771.60359181
232,"Mid Stocking","NAD83","12N",318061.558666985,5194787.51470769
234,"Low-Mid Stocking","NAD83","12N",320765.298371654,5194845.60201983
235,"Mid-High Stocking","NAD83","12N",323469.284004127,5194899.14454056
236,"Mid Stocking","NAD83","12N",324364.824666019,5194912.11582781
237,"Low-Mid Stocking","NAD83","12N",312223.491506803,5194231.91546242
238,"Mid-High Stocking","NAD83","12N",314021.017975786,5194266.25302168
239,"Mid Stocking","NAD83","12N",316718.778398157,5194310.56049068
240,"Mid-High Stocking","NAD83","12N",317626.592539838,5194325.70498132
241,"Low-Mid Stocking","NAD83","12N",320325.966426976,5194386.30545196
242,"Mid-High Stocking","NAD83","12N",321223.827051707,5194399.83031679
243,"Mid-High Stocking","NAD83","12N",323024.333019953,5194439.03256326
244,"High Stocking","NAD83","12N",323922.41077654,5194449.75980571
245,"Low-Mid Stocking","NAD83","12N",311778.475908509,5193771.62823663
246,"Mid-High Stocking","NAD83","12N",312685.187848285,5193780.51865578
247,"Mid-High Stocking","NAD83","12N",315387.87506532,5193848.12813941
248,"Mid-High Stocking","NAD83","12N",316283.718897833,5193857.81660275
249,"High Stocking","NAD83","12N",317189.368792219,5193867.4154955
250,"High Stocking","NAD83","12N",318084.31932109,5193886.7437511
251,"Mid-High Stocking","NAD83","12N",318983.473257842,5193904.62520764
252,"Mid-High Stocking","NAD83","12N",319883.357652066,5193927.40546074
253,"Mid-High Stocking","NAD83","12N",320782.854836831,5193944.01691427
254,"Mid Stocking","NAD83","12N",323486.606116012,5194000.39189923
255,"High Stocking","NAD83","12N",324384.086782199,5194012.55491161
256,"Mid-High Stocking","NAD83","12N",314940.730840635,5193381.25372297
257,"High Stocking","NAD83","12N",315838.081986851,5193402.94927537
258,"Mid-High Stocking","NAD83","12N",316741.064177655,5193418.61837038
260,"High Stocking","NAD83","12N",318541.089963531,5193451.15958568
261,"Low-Mid Stocking","NAD83","12N",319440.473866802,5193468.95198916
262,"Mid-High Stocking","NAD83","12N",320341.524713276,5193483.21761621
263,"Mid-High Stocking","NAD83","12N",321242.851499484,5193500.99846283
264,"Low-Mid Stocking","NAD83","12N",322144.606128588,5193519.12461609
266,"Low-Mid Stocking","NAD83","12N",315399.61327153,5192940.62342513
267,"Mid-High Stocking","NAD83","12N",316297.436471968,5192958.3473969
268,"Mid Stocking","NAD83","12N",317200.943410263,5192976.53218943
269,"High Stocking","NAD83","12N",318097.261633076,5192987.69647961
270,"High Stocking","NAD83","12N",319001.501555671,5193007.46900559
271,"Mid Stocking","NAD83","12N",319901.141467397,5193028.486962
272,"Mid-High Stocking","NAD83","12N",320799.501271799,5193042.0240746
273,"Low-Mid Stocking","NAD83","12N",321696.941718159,5193056.09281925
274,"Low-Mid Stocking","NAD83","12N",322603.011919387,5193080.01642657
275,"Mid-High Stocking","NAD83","12N",323501.205764396,5193093.20594831
276,"High Stocking","NAD83","12N",316755.9767328,5192514.79248564
278,"High Stocking","NAD83","12N",318559.867586009,5192545.02431955
279,"Low-Mid Stocking","NAD83","12N",319455.366717755,5192564.97154948
280,"Mid-High Stocking","NAD83","12N",320357.359400246,5192584.23769622
281,"Low-Mid Stocking","NAD83","12N",321258.190587664,5192607.8023258
283,"Low-Mid Stocking","NAD83","12N",323063.921531108,5192628.55401784
284,"Low-Mid Stocking","NAD83","12N",317220.291287041,5192073.73174585
285,"Mid-High Stocking","NAD83","12N",318116.04929504,5192090.94399518
286,"High Stocking","NAD83","12N",319020.208399287,5192100.84806536
287,"Low-Mid Stocking","NAD83","12N",319916.556290286,5192123.47814239
288,"Mid Stocking","NAD83","12N",320821.293010182,5192141.11013152
289,"Low-Mid Stocking","NAD83","12N",322619.570233018,5192178.40068182
290,"Mid-High Stocking","NAD83","12N",319472.044617018,5191665.53383755
291,"Mid Stocking","NAD83","12N",320375.761485165,5191683.53259215
292,"High Stocking","NAD83","12N",319935.946094064,5191226.67331387
293,"Mid-High Stocking","NAD83","12N",315000.554284341,5190678.14644026
294,"Low-Mid Stocking","NAD83","12N",315911.303869424,5190663.68843449
295,"High Stocking","NAD83","12N",315449.794200762,5190238.16680473
296,"Mid-High Stocking","NAD83","12N",315011.750286477,5189771.71270288
297,"High Stocking","NAD83","12N",315903.82278158,5189793.11710062
